,precision,recall,f1-score,support,accuracy,training,validation,auc_macro,auc_weighted
0,0.6436974789915967,0.5716417910447761,0.6055335968379446,670.0,,,,,
1,0.9425080128205128,0.9568842790319301,0.9496417398324756,4917.0,,,,,
macro avg,0.7931027459060547,0.764263035038353,0.7775876683352101,5587.0,,,,,
weighted avg,0.9066742813608074,0.9106855199570432,0.9083758626521757,5587.0,,,,,
accuracy,,,,,0.9106855199570432,,,,
loss,,,,,,0.09185580683782357,0.19723929072119778,,
auc_macro,,,,,,,,0.8810787429539307,
auc_weighted,,,,,,,,,0.8810787429539307
