,precision,recall,f1-score,support,accuracy,training,validation,auc_macro,auc_weighted
0,0.6638078902229846,0.5776119402985075,0.6177174780526736,670.0,,,,,
1,0.943445243804956,0.9601382957087655,0.9517185767563754,4917.0,,,,,
macro avg,0.8036265670139703,0.7688751180036365,0.7847180274045245,5587.0,,,,,
weighted avg,0.9099107840054356,0.9142652586361195,0.9116647489182726,5587.0,,,,,
accuracy,,,,,0.9142652586361195,,,,
loss,,,,,,0.0714006816657032,0.20036890734762153,,
auc_macro,,,,,,,,0.8863901966676685,
auc_weighted,,,,,,,,,0.8863901966676685
