,precision,recall,f1-score,support,accuracy,training,validation,auc_macro,auc_weighted
0,0.6311605723370429,0.5925373134328358,0.6112394149345649,670.0,,,,,
1,0.9449374747882211,0.9528167581858857,0.9488607594936709,4917.0,,,,,
macro avg,0.7880490235626321,0.7726770358093608,0.7800500872141178,5587.0,,,,,
weighted avg,0.9073089577589946,0.9096115983533202,0.9083727872626702,5587.0,,,,,
accuracy,,,,,0.9096115983533202,,,,
loss,,,,,,0.0888454691090557,0.2016895692753845,,
auc_macro,,,,,,,,0.8937923257416397,
auc_weighted,,,,,,,,,0.8937923257416397
