,precision,recall,f1-score,support,accuracy,training,validation,auc_macro,auc_weighted
0,0.660958904109589,0.5761194029850746,0.6156299840510366,670.0,,,,,
1,0.9432340595642614,0.959731543624161,0.9514112903225808,4917.0,,,,,
macro avg,0.8020964818369252,0.7679254733046178,0.7835206371868086,5587.0,,,,,
weighted avg,0.9093832712781273,0.9137282978342581,0.9111439777752506,5587.0,,,,,
accuracy,,,,,0.9137282978342581,,,,
loss,,,,,,0.06995416345372725,0.19511964373140528,,
auc_macro,,,,,,,,0.8837009279411363,
auc_weighted,,,,,,,,,0.8837009279411363
