,precision,recall,f1-score,support,accuracy,training,validation,auc_macro,auc_weighted
0,0.6070381231671554,0.6179104477611941,0.6124260355029587,670.0,,,,,
1,0.9478083588175331,0.945495220663006,0.9466503767053553,4917.0,,,,,
macro avg,0.7774232409923443,0.7817028342121,0.779538206104157,5587.0,,,,,
weighted avg,0.9069427676441391,0.9062108466081976,0.9065697773487051,5587.0,,,,,
accuracy,,,,,0.9062108466081976,,,,
loss,,,,,,0.0902932847017711,0.210579255143268,,
auc_macro,,,,,,,,0.8898421255528338,
auc_weighted,,,,,,,,,0.8898421255528338
