,precision,recall,f1-score,support,accuracy,training,validation,auc_macro,auc_weighted
0,0.6970260223048327,0.5597014925373134,0.6208609271523179,670.0,,,,,
1,0.9415725886314121,0.9668497051047387,0.9540437487457354,4917.0,,,,,
macro avg,0.8192993054681224,0.763275598821026,0.7874523379490266,5587.0,,,,,
weighted avg,0.9122462597538734,0.9180239842491498,0.9140880497180658,5587.0,,,,,
accuracy,,,,,0.9180239842491498,,,,
loss,,,,,,0.09099052110135357,0.20134226122425172,,
auc_macro,,,,,,,,0.8936951909154655,
auc_weighted,,,,,,,,,0.8936951909154655
