,precision,recall,f1-score,support,accuracy,training,validation,auc_macro,auc_weighted
0,0.634703196347032,0.6223880597014926,0.6284853051996986,670.0,,,,,
1,0.9486815415821501,0.951189749847468,0.9499339900477303,4917.0,,,,,
macro avg,0.791692368964591,0.7867889047744803,0.7892096476237145,5587.0,,,,,
weighted avg,0.9110288672833262,0.911759441560766,0.9113854633163573,5587.0,,,,,
accuracy,,,,,0.911759441560766,,,,
loss,,,,,,0.08609188447452766,0.20880803343833693,,
auc_macro,,,,,,,,0.896767383339556,
auc_weighted,,,,,,,,,0.896767383339556
