,precision,recall,f1-score,support,accuracy,training,validation,auc_macro,auc_weighted
0,0.6542207792207793,0.6014925373134329,0.6267496111975116,670.0,,,,,
1,0.9462884731442366,0.9566809029896278,0.9514563106796117,4917.0,,,,,
macro avg,0.8002546261825079,0.7790867201515304,0.7891029609385616,5587.0,,,,,
weighted avg,0.9112633514458803,0.9140862717021657,0.9125170787746525,5587.0,,,,,
accuracy,,,,,0.9140862717021657,,,,
loss,,,,,,0.06796752380648137,0.19461923497635247,,
auc_macro,,,,,,,,0.886284410771038,
auc_weighted,,,,,,,,,0.886284410771038
