,precision,recall,f1-score,support,accuracy,training,validation,auc_macro,auc_weighted
0,0.618208516886931,0.6283582089552239,0.6232420429311621,670.0,,,,,
1,0.9492458214431309,0.9471222290014236,0.9481828362007533,4917.0,,,,,
macro avg,0.7837271691650309,0.7877402189783238,0.7857124395659577,5587.0,,,,,
weighted avg,0.9095474154913403,0.9088956506175049,0.9092155314771762,5587.0,,,,,
accuracy,,,,,0.9088956506175049,,,,
loss,,,,,,0.09138287230159113,0.2019667164524663,,
auc_macro,,,,,,,,0.9032663103032732,
auc_weighted,,,,,,,,,0.9032663103032732
