,precision,recall,f1-score,support,accuracy,training,validation,auc_macro,auc_weighted
0,0.7051282051282052,0.5746268656716418,0.6332236842105262,670.0,,,,,
1,0.9434635984923626,0.967256457189343,0.9552118899377385,4917.0,,,,,
macro avg,0.8242959018102839,0.7709416614304925,0.7942177870741324,5587.0,,,,,
weighted avg,0.9148821212140406,0.9201718274565956,0.9165986631904265,5587.0,,,,,
accuracy,,,,,0.9201718274565956,,,,
loss,,,,,,0.07950646612489605,0.20284263673644737,,
auc_macro,,,,,,,,0.8895183933899751,
auc_weighted,,,,,,,,,0.8895183933899751
