,precision,recall,f1-score,support,accuracy,training,validation,auc_macro,auc_weighted
0,0.7436440677966102,0.5238805970149254,0.6147110332749562,670.0,,,,,
1,0.9376344086021505,0.9753914988814317,0.9561403508771931,4917.0,,,,,
macro avg,0.8406392381993804,0.7496360479481785,0.7854256920760747,5587.0,,,,,
weighted avg,0.9143708452694652,0.9212457490603186,0.9151957217750812,5587.0,,,,,
accuracy,,,,,0.9212457490603186,,,,
loss,,,,,,0.09017178864153878,0.20463454442669615,,
auc_macro,,,,,,,,0.8970014175613695,
auc_weighted,,,,,,,,,0.8970014175613695
