,precision,recall,f1-score,support,accuracy,training,validation,auc_macro,auc_weighted
0,0.6248108925869894,0.6164179104477612,0.6205860255447032,670.0,,,,,
1,0.9478278522127487,0.9495627415090502,0.948694503708219,4917.0,,,,,
macro avg,0.786319372399869,0.7829903259784057,0.7846402646264611,5587.0,,,,,
weighted avg,0.9090912560163537,0.9096115983533202,0.9093473262660219,5587.0,,,,,
accuracy,,,,,0.9096115983533202,,,,
loss,,,,,,0.0791701335374924,0.20374493045561531,,
auc_macro,,,,,,,,0.8852356581946885,
auc_weighted,,,,,,,,,0.8852356581946885
