,precision,recall,f1-score,support,accuracy,training,validation,auc_macro,auc_weighted
0,0.7203065134099617,0.5611940298507463,0.6308724832214765,670.0,,,,,
1,0.941954590325765,0.9703070978238764,0.9559206571829293,4917.0,,,,,
macro avg,0.8311305518678633,0.7657505638373113,0.7933965702022029,5587.0,,,,,
weighted avg,0.9153742768241382,0.9212457490603186,0.9169404752330146,5587.0,,,,,
accuracy,,,,,0.9212457490603186,,,,
loss,,,,,,0.07729982453271103,0.19769602383943213,,
auc_macro,,,,,,,,0.8901968194415355,
auc_weighted,,,,,,,,,0.8901968194415355
