,precision,recall,f1-score,support,accuracy,training,validation,auc_macro,auc_weighted
0,0.6524590163934426,0.5940298507462687,0.621875,670.0,,,,,
1,0.9453486035764517,0.9568842790319301,0.9510814635132404,4917.0,,,,,
macro avg,0.7989038099849471,0.7754570648890994,0.7864782317566201,5587.0,,,,,
weighted avg,0.9102249194145372,0.9133703239663504,0.9116026143000902,5587.0,,,,,
accuracy,,,,,0.9133703239663504,,,,
loss,,,,,,0.09231329011579836,0.20153946051128224,,
auc_macro,,,,,,,,0.8868008948545861,
auc_weighted,,,,,,,,,0.8868008948545861
