,precision,recall,f1-score,support,accuracy,training,validation,auc_macro,auc_weighted
0,0.6704761904761904,0.5253731343283582,0.5891213389121339,670.0,,,,,
1,0.9371789806400632,0.9648159446817165,0.9507966730133279,4917.0,,,,,
macro avg,0.8038275855581268,0.7450945395050373,0.7699590059627309,5587.0,,,,,
weighted avg,0.9051956497988615,0.9121174154286738,0.9074241163912051,5587.0,,,,,
accuracy,,,,,0.9121174154286738,,,,
loss,,,,,,0.07740583875844542,0.20061668935638147,,
auc_macro,,,,,,,,0.8881912888273703,
auc_weighted,,,,,,,,,0.8881912888273703
