,precision,recall,f1-score,support,accuracy,training,validation,auc_macro,auc_weighted
0,0.7111553784860558,0.5328358208955224,0.6092150170648464,670.0,,,,,
1,0.9384464110127827,0.9705104738661786,0.9542091581683664,4917.0,,,,,
macro avg,0.8248008947494192,0.7516731473808504,0.7817120876166064,5587.0,,,,,
weighted avg,0.9111893872445875,0.9180239842491498,0.9128370309911051,5587.0,,,,,
accuracy,,,,,0.9180239842491498,,,,
loss,,,,,,0.06974422619066105,0.203776671495747,,
auc_macro,,,,,,,,0.8935456943470567,
auc_weighted,,,,,,,,,0.8935456943470567
