,precision,recall,f1-score,support,accuracy,training,validation,auc_macro,auc_weighted
0,0.558252427184466,0.6865671641791045,0.6157965194109772,670.0,,,,,
1,0.9559101406676465,0.925971120601993,0.9407024793388429,4917.0,,,,,
macro avg,0.7570812839260562,0.8062691423905488,0.7782494993749101,5587.0,,,,,
weighted avg,0.9082225322850207,0.8972614999105065,0.9017393518729989,5587.0,,,,,
accuracy,,,,,0.8972614999105065,,,,
loss,,,,,,0.07755790814889976,0.2085797880786644,,
auc_macro,,,,,,,,0.8958354961009473,
auc_weighted,,,,,,,,,0.8958354961009473
