,precision,recall,f1-score,support,accuracy,training,validation,auc_macro,auc_weighted
0,0.6728813559322034,0.5925373134328358,0.6301587301587301,670.0,,,,,
1,0.9453672203321993,0.9607484238356722,0.9529957635666734,4917.0,,,,,
macro avg,0.8091242881322014,0.7766428686342539,0.7915772468627018,5587.0,,,,,
weighted avg,0.9126903760243423,0.9165920887775192,0.9142807443464618,5587.0,,,,,
accuracy,,,,,0.9165920887775192,,,,
loss,,,,,,0.08985190355515742,0.2090494874739807,,
auc_macro,,,,,,,,0.8944713588858635,
auc_weighted,,,,,,,,,0.8944713588858635
