,precision,recall,f1-score,support,accuracy,training,validation,auc_macro,auc_weighted
0,0.6800699300699301,0.5805970149253732,0.6264090177133655,670.0,,,,,
1,0.9439680957128614,0.9627821842586943,0.9532823197744663,4917.0,,,,,
macro avg,0.8120190128913958,0.7716895995920338,0.7898456687439159,5587.0,,,,,
weighted avg,0.9123210989380693,0.9169500626454269,0.9140832661891903,5587.0,,,,,
accuracy,,,,,0.9169500626454269,,,,
loss,,,,,,0.06915282641478813,0.20134250210302254,,
auc_macro,,,,,,,,0.887857843181894,
auc_weighted,,,,,,,,,0.887857843181894
