,precision,recall,f1-score,support,accuracy,training,validation,auc_macro,auc_weighted
0,0.6754716981132075,0.5343283582089552,0.5966666666666667,670.0,,,,,
1,0.9383033419023136,0.9650193207240187,0.9514738319631041,4917.0,,,,,
macro avg,0.8068875200077605,0.749673839466487,0.7740702493148854,5587.0,,,,,
weighted avg,0.9067842437568506,0.9133703239663504,0.9089249147000625,5587.0,,,,,
accuracy,,,,,0.9133703239663504,,,,
loss,,,,,,0.08728546969639621,0.20503420057046068,,
auc_macro,,,,,,,,0.8838481479120566,
auc_weighted,,,,,,,,,0.8838481479120566
