,precision,recall,f1-score,support,accuracy,training,validation,auc_macro,auc_weighted
0,0.742393509127789,0.5462686567164179,0.6294067067927773,670.0,,,,,
1,0.9403219473890851,0.9741712426276184,0.9569473579063031,4917.0,,,,,
macro avg,0.841357728258437,0.7602199496720181,0.7931770323495402,5587.0,,,,,
weighted avg,0.9165861225036245,0.922856631465903,0.9176682749913109,5587.0,,,,,
accuracy,,,,,0.922856631465903,,,,
loss,,,,,,0.0728092572208301,0.20488297341253933,,
auc_macro,,,,,,,,0.8948816017532836,
auc_weighted,,,,,,,,,0.8948816017532836
