,precision,recall,f1-score,support,accuracy,training,validation,auc_macro,auc_weighted
0,0.7168316831683168,0.5402985074626866,0.6161702127659574,670.0,,,,,
1,0.9393939393939394,0.970917225950783,0.954895489548955,4917.0,,,,,
macro avg,0.8281128112811281,0.7556078667067347,0.7855328511574562,5587.0,,,,,
weighted avg,0.9127039963706411,0.9192768927868266,0.9142751323904427,5587.0,,,,,
accuracy,,,,,0.9192768927868266,,,,
loss,,,,,,0.08281003058150824,0.20048606967766014,,
auc_macro,,,,,,,,0.8888697148789305,
auc_weighted,,,,,,,,,0.8888697148789305
