,precision,recall,f1-score,support,accuracy,training,validation,auc_macro,auc_weighted
0,0.7075471698113207,0.5597014925373134,0.6249999999999999,670.0,,,,,
1,0.9416650187858414,0.9684767134431564,0.9548826950070183,4917.0,,,,,
macro avg,0.8246060942985811,0.7640891029902349,0.7899413475035091,5587.0,,,,,
weighted avg,0.9135893146847266,0.9194558797207804,0.9153227512707193,5587.0,,,,,
accuracy,,,,,0.9194558797207804,,,,
loss,,,,,,0.07595823112217448,0.20516420058756066,,
auc_macro,,,,,,,,0.887584651483279,
auc_weighted,,,,,,,,,0.887584651483279
